sentence,language,ground_truth,author
Data Science leverages algorithms to extract meaningful insights from data,english,english,chatGPT
Python is widely used for data manipulation and analysis tasks,english,english,chatGPT
Machine learning models predict outcomes based on historical data patterns,english,english,chatGPT
Big Data analytics handles vast datasets for valuable business insights,english,english,chatGPT
SQL is essential for managing and querying relational databases in DS,english,english,chatGPT
"Data visualization enhances understanding through charts, graphs, and dashboards",english,english,chatGPT
Feature engineering improves model performance by selecting relevant data features,english,english,chatGPT
Bayesian statistics plays a crucial role in probability modeling for data analysis,english,english,chatGPT
"Unstructured data, like text and images, requires specialized techniques for analysis",english,english,chatGPT
A/B testing helps businesses make informed decisions through controlled experiments,other,english,chatGPT
Clustering algorithms group similar data points for pattern identification,english,english,chatGPT
Regression analysis predicts numerical values based on input variables,english,english,chatGPT
Hadoop and Spark facilitate distributed processing for large-scale data handling,other,english,chatGPT
Cross-validation assesses model performance by splitting data for training and testing,other,english,chatGPT
"Data preprocessing involves cleaning, transforming, and organizing raw data for analysis",english,english,chatGPT
Natural Language Processing (NLP) enables machines to understand and process human language,english,english,chatGPT
Neural networks simulate the human brain to solve complex problems,english,english,chatGPT
Time series analysis predicts future trends based on historical time-ordered data,other,english,chatGPT
Random forests combine multiple decision trees for robust predictive modeling,english,english,chatGPT
Data ethics addresses the responsible use of data in ethical decision-making,other,english,chatGPT
Feature importance identifies the most influential factors in a predictive model,english,english,chatGPT
Dimensionality reduction techniques simplify complex datasets for efficient analysis,english,english,chatGPT
Data mining discovers hidden patterns and relationships within large datasets,english,english,chatGPT
Support Vector Machines (SVM) excel in classifying and analyzing complex data,english,english,chatGPT
Reinforcement learning trains models through trial and error for decision-making,other,english,chatGPT
Data warehouses store and manage large volumes of structured and unstructured data,english,english,chatGPT
Ensemble learning combines multiple models to improve overall predictive accuracy,english,english,chatGPT
"Data governance ensures data quality, security, and compliance with regulations",english,english,chatGPT
Data munging involves cleaning and transforming messy data for analysis,english,english,chatGPT
The CRISP-DM model guides the data mining and analysis process,other,english,chatGPT
Η Επιστήμη Δεδομένων χρησιμοποιεί αλγόριθμους για εξαγωγή σημαντικών ερευνών από δεδομένα,greek,greek,chatGPT
Η Python χρησιμοποιείται ευρέως για τον χειρισμό και την ανάλυση δεδομένων,greek,greek,chatGPT
Τα μοντέλα μηχανικής μάθησης προβλέπουν αποτελέσματα βασισμένα σε ιστορικά δεδομένα,greek,greek,chatGPT
Η ανάλυση Big Data χειρίζεται τεράστια σύνολα δεδομένων για επιχειρηματική αξία,greek,greek,chatGPT
Το SQL είναι απαραίτητο για τη διαχείριση και τον ερωταποκριτή σε σχέσεις δεδομένων στην Επιστήμη Δεδομένων,greek,greek,chatGPT
"Η οπτικοποίηση δεδομένων ενισχύει την κατανόηση μέσω γραφημάτων, διαγραμμάτων και πινάκων ελέγχου",greek,greek,chatGPT
Η μηχανική μάθηση βελτιώνει την απόδοση του μοντέλου επιλέγοντας σημαντικά χαρακτηριστικά δεδομένων,greek,greek,chatGPT
Η βαυαρική στατιστική διαδραματίζει κρίσιμο ρόλο στη μοντελοποίηση πιθανοτήτων για ανάλυση δεδομένων,greek,greek,chatGPT
"Τα μη δομημένα δεδομένα, όπως κείμενο και εικόνες, απαιτούν εξειδικευμένες τεχνικές ανάλυσης",greek,greek,chatGPT
Ο έλεγχος A/B βοηθά τις επιχειρήσεις να λαμβάνουν ενημερωμένες αποφάσεις μέσω ελεγχόμενων πειραμάτων,greek,greek,chatGPT
To Data Science krataei algori8mous gia e3agogi shmantikwn ereunwn apo dedomena,greeklish,greeklish,chatGPT
Python xrisimopoieitai eyreos gia ton xeirismo kai tin analysh dedomenwn,greeklish,greeklish,chatGPT
Machine learning models pro8etoun apotelesmata vasis istorikwn dedomenwn,other,greeklish,chatGPT
Big Data analytics diaxeirei gigantia datasets gia epixeirimatiki axia,greeklish,greeklish,chatGPT
To SQL einai aparaiteto gia tin diacheirisi kai ton erwtapokriti se sxeseis dedomenwn stin Episthmi Dedomenon,greeklish,greeklish,chatGPT
"H oplitikopoihsh dedomenwn enisxyei tin katanohsh mesw grafhmatwn, diagrammatwn, kai dashboards",greeklish,greeklish,chatGPT
Feature engineering veltionei tin apotelesmatikotita tou montelou dialegontas sxetika dedomena,greeklish,greeklish,chatGPT
Bayesiki statistiki paizei krisimo rolo stin probabilitiki modelopoiisi gia tin analysh dedomenwn,greeklish,greeklish,chatGPT
"Ta ametrita dedomena, opos keimena kai eikones, apaitoun eidikopoihmenes methodous gia analysh",greeklish,greeklish,chatGPT
A/B testing boh8a epixeiriseis na paroun enimerwmenes apofaseis mesw kontrolarismenon peiramatwn,greeklish,greeklish,chatGPT
La Ciencia de Datos utiliza algoritmos para extraer conocimientos significativos,english,other,chatGPT
Python se usa ampliamente para manipulación y análisis de datos,other,other,chatGPT
Los modelos de aprendizaje automático predicen resultados basados en patrones históricos,other,other,chatGPT
El análisis de Big Data maneja conjuntos de datos extensos para obtener información valiosa,other,other,chatGPT
SQL es esencial para gestionar y consultar bases de datos relacionales en DS,english,other,chatGPT
La visualización de datos mejora la comprensión mediante gráficos y paneles,other,other,chatGPT
La ingeniería de características mejora el rendimiento del modelo seleccionando características relevantes,other,other,chatGPT
La estadística bayesiana desempeña un papel crucial en la modelización de la probabilidad para el análisis de datos,other,other,chatGPT
"Los datos no estructurados, como texto e imágenes, requieren técnicas especializadas para su análisis",other,other,chatGPT
Las pruebas A/B ayudan a las empresas a tomar decisiones informadas mediante experimentos controlados,other,other,chatGPT
La Science des Données utilise des algorithmes pour extraire des informations significatives,other,other,chatGPT
Python est largement utilisé pour la manipulation et l'analyse des données,other,other,chatGPT
Les modèles d'apprentissage automatique prédisent les résultats en fonction des schémas historiques,other,other,chatGPT
L'analyse de Big Data traite d'énormes ensembles de données pour des informations commerciales précieuses,other,other,chatGPT
SQL est essentiel pour la gestion et la requête de bases de données relationnelles en DS,other,other,chatGPT
"La visualisation des données améliore la compréhension grâce à des graphiques, des diagrammes et des tableaux de bord",other,other,chatGPT
L'ingénierie des fonctionnalités améliore les performances du modèle en sélectionnant des caractéristiques pertinentes,other,other,chatGPT
La statistique bayésienne joue un rôle crucial dans la modélisation de la probabilité pour l'analyse des données,other,other,chatGPT
"Les données non structurées, comme le texte et les images, nécessitent des techniques spécialisées pour l'analyse",other,other,chatGPT
Les tests A/B aident les entreprises à prendre des décisions éclairées grâce à des expériences contrôlées,other,other,chatGPT
La Scienza dei Dati utilizza algoritmi per estrarre informazioni significative,english,other,chatGPT
Python è ampiamente utilizzato per la manipolazione e l'analisi dei dati,other,other,chatGPT
I modelli di apprendimento automatico prevedono risultati basati su schemi storici,english,other,chatGPT
L'analisi dei Big Data gestisce vasti insiemi di dati per informazioni commerciali preziose,other,other,chatGPT
SQL è essenziale per gestire e interrogare database relazionali in DS,other,other,chatGPT
"La visualizzazione dei dati migliora la comprensione attraverso grafici, diagrammi e dashboard",english,other,chatGPT
L'ingegneria delle caratteristiche migliora le prestazioni del modello selezionando caratteristiche rilevanti,other,other,chatGPT
La statistica bayesiana svolge un ruolo cruciale nella modellizzazione della probabilità per l'analisi dei dati,other,other,chatGPT
"I dati non strutturati, come testo e immagini, richiedono tecniche specializzate per l'analisi",other,other,chatGPT
I test A/B aiutano le aziende a prendere decisioni informate attraverso esperimenti controllati.,other,other,chatGPT
